Workbook

Sheet Daily Data Entry
B3: PPE Burn Rate Calculator Data Entry
E4: Day 1 | F4: Day 2 | G4: Day 3 | H4: Day 4 | I4: Day 5 | J4: Day 6 | K4: Day 7 | L4: Day 8 | M4: Day 9 | N4: Day 10 | O4: Day 11 | P4: Day 12 | Q4: Day 13 | R4: Day 14
E5: XX/XX/2021 | F5: XX/XX/2021 | G5: XX/XX/2021 | H5: XX/XX/2021 | I5: XX/XX/2021 | J5: XX/XX/2021 | K5: XX/XX/2021 | L5: XX/XX/2021 | M5: XX/XX/2021 | N5: XX/XX/2021 | O5: XX/XX/2021 | P5: XX/XX/2021 | Q5: XX/XX/2021 | R5: XX/XX/2021
E6: How Many COVID-19 Residents are Being Treated at Start of the Day? Enter Below.
B7: Number of Suspected and Confirmed COVID-19 Residents
B8: Type of PPE | D8: Quantity in Box | E8: How Many Full Boxes Are Available/Remaining at Start of the Day? Enter Below. (ie.1 box of 100 gowns, 1 box/package of 1 face shields, etc.)
B9: Washable Gowns | D9: 0
B10: Gloves | C10: small | D10: 0
C11: medium | D11: 0
C12: large | D12: 0
C13: extra large | D13: 0
B14: N95 Masks | D14: 0
B15: Surgical Masks | D15: 0
B16: Respirators | D16: 0
B17: Face Shields | D17: 0
B18: Eye Protection - Goggles | D18: 0
B19: Disposable Gowns | D19: 0
B20: Fluid Resistant Gowns
B21: Other
B22: Other
B23: Other
B25: This spreadsheet is designed to help you track how quickly PPE is being used at your facility.
B27: 1) To start, go to the "Daily Data Entry" sheet and enter dates below Day 1, Day 2, Day 3, etc.
B28: 2) Enter the total number of suspected and confirmed COVID-19 patients at the start of each day in the "Suspected and Confirmed COVID-19 Patients" row.
B29: 3) At the start of each day, determine how many full boxes of PPE are remaining from the day before. Do this for each type of PPE and enter them into the appropriate box.
B30: 4) "Type of PPE" refers to the PPE components you have in stock. "Gowns," "gloves," "respirators," "surgical masks," and "face shields" have been filled in for you. Note: Additional types or brands of PPE can be added in the "Other" Type of PPE section as well.
B31: 5) Make sure that each box of PPE has the same number of individual units (Example: a box of gloves may have 200 individual gloves). If they do not, start a new "Type of PPE" category in the cells that says "Other".
B32: 6) Enter the number of full boxes of each Type of PPE starting at Day 1 into the yellow cells. Note: You do not need data for all 14 days, but at least 2 consecutive days of data are needed to calculate a consumption rate (Burn Rate).
B37: Total Number of PPE Used per Day (negative numbers indicate daily supply increase) | T37: Average Consumption of PPE used per Day
B39: Type of PPE | D39: Day 1 -Day 2 | E39: Day 2 - Day 3 | F39: Day 3 - Day 4 | G39: Day 4 - Day 5 | H39: Day 5 - Day 6 | I39: Day 6 - Day 7 | J39: Day 7 - Day 8 | K39: Day 8 - Day 9 | L39: Day 9 - Day 10 | M39: Day 10 - Day 11 | N39: Day 11 - Day 12 | O39: Day 12 - Day 13 | P39: Day 13 - Day 14 | T39: Type of PPE | V39: Burn Rate
B40: =B9 -> Washable Gowns | D40: =IF(F9="","", (D9*E9-(D9*F9))) | E40: =IF(G9="","", ((D9*F9)-(D9*G9))) | F40: =IF(H9="","", (D9*G9-(D9*H9))) | G40: =IF(I9="","", (D9*H9-(D9*I9))) | H40: =IF(J9="","", (D9*I9-(D9*J9))) | I40: =IF(K9="","", (D9*J9-(D9*K9))) | J40: =IF(L9="","", (D9*K9-(D9*L9))) | K40: =IF(M9="","", (D9*L9-(D9*M9))) | L40: =IF(N9="","", (D9*M9-(D9*N9))) | M40: =IF(O9="","", (D9*N9-(D9*O9))) | N40: =IF(P9="","", (D9*O9-(D9*P9))) | O40: =IF(Q9="","", (D9*P9-(D9*Q9))) | P40: =IF(R9="","", (D9*Q9-(D9*R9))) | T40: ='Calculator Summary'!B5 -> Washable Gowns | V40: =IF(SUM(D40:P40)>0,AVERAGE(D40:P40),"")
B41: Gloves (pairs) | C41: =IF(C10="","",C10) -> small | D41: =IF(F10="","",((D10*E10)/2)-((D10*F10)/2)) | E41: =IF(G10="","",((D10*F10)/2)-((D10*G10)/2)) | F41: =IF(H10="","",((D10*G10)/2)-((D10*H10)/2)) | G41: =IF(I10="","",((D10*H10)/2)-((D10*I10)/2)) | H41: =IF(J10="","",((D10*I10)/2)-((D10*J10)/2)) | I41: =IF(K10="","",((D10*J10)/2)-((D10*K10)/2)) | J41: =IF(L10="","",((D10*K10)/2)-((D10*L10)/2)) | K41: =IF(M10="","",((D10*L10)/2)-((D10*M10)/2)) | L41: =IF(N10="","",((D10*M10)/2)-((D10*N10)/2)) | M41: =IF(O10="","",((D10*N10)/2)-((D10*O10)/2)) | N41: =IF(P10="","",((D10*O10)/2)-((D10*P10)/2)) | O41: =IF(Q10="","",((D10*P10)/2)-((D10*Q10)/2)) | P41: =IF(R10="","",((D10*Q10)/2)-((D10*R10)/2)) | T41: Gloves (pairs) | U41: ='Calculator Summary'!C6 -> small | V41: =IF(SUM(D41:P41)>0,AVERAGE(D41:P41),"")
C42: =IF(C11="","",C11) -> medium | D42: =IF(F11="","",((D11*E11)/2)-((D11*F11)/2)) | E42: =IF(G11="","",((D11*F11)/2)-((D11*G11)/2)) | F42: =IF(H11="","",((D11*G11)/2)-((D11*H11)/2)) | G42: =IF(I11="","",((D11*H11)/2)-((D11*I11)/2)) | H42: =IF(J11="","",((D11*I11)/2)-((D11*J11)/2)) | I42: =IF(K11="","",((D11*J11)/2)-((D11*K11)/2)) | J42: =IF(L11="","",((D11*K11)/2)-((D11*L11)/2)) | K42: =IF(M11="","",((D11*L11)/2)-((D11*M11)/2)) | L42: =IF(N11="","",((D11*M11)/2)-((D11*N11)/2)) | M42: =IF(O11="","",((D11*N11)/2)-((D11*O11)/2)) | N42: =IF(P11="","",((D11*O11)/2)-((D11*P11)/2)) | O42: =IF(Q11="","",((D11*P11)/2)-((D11*Q11)/2)) | P42: =IF(R11="","",((D11*Q11)/2)-((D11*R11)/2)) | U42: ='Calculator Summary'!C7 -> medium | V42: =IF(SUM(D42:P42)>0,AVERAGE(D42:P42),"")
C43: =IF(C12="","",C12) -> large | D43: =IF(F12="","",((D12*E12)/2)-((D12*F12)/2)) | E43: =IF(G12="","",((D12*F12)/2)-((D12*G12)/2)) | F43: =IF(H12="","",((D12*G12)/2)-((D12*H12)/2)) | G43: =IF(I12="","",((D12*H12)/2)-((D12*I12)/2)) | H43: =IF(J12="","",((D12*I12)/2)-((D12*J12)/2)) | I43: =IF(K12="","",((D12*J12)/2)-((D12*K12)/2)) | J43: =IF(L12="","",((D12*K12)/2)-((D12*L12)/2)) | K43: =IF(M12="","",((D12*L12)/2)-((D12*M12)/2)) | L43: =IF(N12="","",((D12*M12)/2)-((D12*N12)/2)) | M43: =IF(O12="","",((D12*N12)/2)-((D12*O12)/2)) | N43: =IF(P12="","",((D12*O12)/2)-((D12*P12)/2)) | O43: =IF(Q12="","",((D12*P12)/2)-((D12*Q12)/2)) | P43: =IF(R12="","",((D12*Q12)/2)-((D12*R12)/2)) | U43: ='Calculator Summary'!C8 -> large | V43: =IF(SUM(D43:P43)>0,AVERAGE(D43:P43),"")
C44: =IF(C13="","",C13) -> extra large | D44: =IF(F13="","",((D13*E13)/2)-((D13*F13)/2)) | E44: =IF(G13="","",((D13*F13)/2)-((D13*G13)/2)) | F44: =IF(H13="","",((D13*G13)/2)-((D13*H13)/2)) | G44: =IF(I13="","",((D13*H13)/2)-((D13*I13)/2)) | H44: =IF(J13="","",((D13*I13)/2)-((D13*J13)/2)) | I44: =IF(K13="","",((D13*J13)/2)-((D13*K13)/2)) | J44: =IF(L13="","",((D13*K13)/2)-((D13*L13)/2)) | K44: =IF(M13="","",((D13*L13)/2)-((D13*M13)/2)) | L44: =IF(N13="","",((D13*M13)/2)-((D13*N13)/2)) | M44: =IF(O13="","",((D13*N13)/2)-((D13*O13)/2)) | N44: =IF(P13="","",((D13*O13)/2)-((D13*P13)/2)) | O44: =IF(Q13="","",((D13*P13)/2)-((D13*Q13)/2)) | P44: =IF(R13="","",((D13*Q13)/2)-((D13*R13)/2)) | U44: ='Calculator Summary'!C9 -> extra large | V44: =IF(SUM(D44:P44)>0,AVERAGE(D44:P44),"")
B45: =B14 -> N95 Masks | D45: =IF(F14="","", (D14*E14-(D14*F14))) | E45: =IF(G14="","", (D14*F14-(D14*G14))) | F45: =IF(H14="","", (D14*G14-(D14*H14))) | G45: =IF(I14="","", (D14*H14-(D14*I14))) | H45: =IF(J14="","", (D14*I14-(D14*J14))) | I45: =IF(K14="","", (D14*J14-(D14*K14))) | J45: =IF(L14="","", (D14*K14-(D14*L14))) | K45: =IF(M14="","", (D14*L14-(D14*M14))) | L45: =IF(N14="","", (D14*M14-(D14*N14))) | M45: =IF(O14="","", (D14*N14-(D14*O14))) | N45: =IF(P14="","", (D14*O14-(D14*P14))) | O45: =IF(Q14="","", (D14*P14-(D14*Q14))) | P45: =IF(R14="","", (D14*Q14-(D14*R14))) | T45: ='Calculator Summary'!B10 -> N95 Masks | V45: =IF(SUM(D45:P45)>0,AVERAGE(D45:P45),"")
B46: =B15 -> Surgical Masks | D46: =IF(F15="","", (D15*E15-(D15*F15))) | E46: =IF(G15="","", (D15*F15-(D15*G15))) | F46: =IF(H15="","", (D15*G15-(D15*H15))) | G46: =IF(I15="","", (D15*H15-(D15*I15))) | H46: =IF(J15="","", (D15*I15-(D15*J15))) | I46: =IF(K15="","", (D15*J15-(D15*K15))) | J46: =IF(L15="","", (D15*K15-(D15*L15))) | K46: =IF(M15="","", (D15*L15-(D15*M15))) | L46: =IF(N15="","", (D15*M15-(D15*N15))) | M46: =IF(O15="","", (D15*N15-(D15*O15))) | N46: =IF(P15="","", (D15*O15-(D15*P15))) | O46: =IF(Q15="","", (D15*P15-(D15*Q15))) | P46: =IF(R15="","", (D15*Q15-(D15*R15))) | T46: ='Calculator Summary'!B11 -> Surgical Masks | V46: =IF(SUM(D46:P46)>0,AVERAGE(D46:P46),"")
B47: =B16 -> Respirators | D47: =IF(F16="","", (D16*E16-(D16*F16))) | E47: =IF(G16="","", (D16*F16-(D16*G16))) | F47: =IF(H16="","", (D16*G16-(D16*H16))) | G47: =IF(I16="","", (D16*H16-(D16*I16))) | H47: =IF(J16="","", (D16*I16-(D16*J16))) | I47: =IF(K16="","", (D16*J16-(D16*K16))) | J47: =IF(L16="","", (D16*K16-(D16*L16))) | K47: =IF(M16="","", (D16*L16-(D16*M16))) | L47: =IF(N16="","", (D16*M16-(D16*N16))) | M47: =IF(O16="","", (D16*N16-(D16*O16))) | N47: =IF(P16="","", (D16*O16-(D16*P16))) | O47: =IF(Q16="","", (D16*P16-(D16*Q16))) | P47: =IF(R16="","", (D16*Q16-(D16*R16))) | T47: ='Calculator Summary'!B12 -> Respirators | V47: =IF(SUM(D47:P47)>0,AVERAGE(D47:P47),"")
B48: =B17 -> Face Shields | D48: =IF(F17="","", (D17*E17-(D17*F17))) | E48: =IF(G17="","", (D17*F17-(D17*G17))) | F48: =IF(H17="","", (D17*G17-(D17*H17))) | G48: =IF(I17="","", (D17*H17-(D17*I17))) | H48: =IF(J17="","", (D17*I17-(D17*J17))) | I48: =IF(K17="","", (D17*J17-(D17*K17))) | J48: =IF(L17="","", (D17*K17-(D17*L17))) | K48: =IF(M17="","", (D17*L17-(D17*M17))) | L48: =IF(N17="","", (D17*M17-(D17*N17))) | M48: =IF(O17="","", (D17*N17-(D17*O17))) | N48: =IF(P17="","", (D17*O17-(D17*P17))) | O48: =IF(Q17="","", (D17*P17-(D17*Q17))) | P48: =IF(R17="","", (D17*Q17-(D17*R17))) | T48: ='Calculator Summary'!B13 -> Face Shields | V48: =IF(SUM(D48:P48)>0,AVERAGE(D48:P48),"")
B49: =IF(B18="","",B18) -> Eye Protection - Goggles | D49: =IF(F18="","", (D18*E18-(D18*F18))) | E49: =IF(G18="","", (D18*F18-(D18*G18))) | F49: =IF(H18="","", (D18*G18-(D18*H18))) | G49: =IF(I18="","", (D18*H18-(D18*I18))) | H49: =IF(J18="","", (D18*I18-(D18*J18))) | I49: =IF(K18="","", (D18*J18-(D18*K18))) | J49: =IF(L18="","", (D18*K18-(D18*L18))) | K49: =IF(M18="","", (D18*L18-(D18*M18))) | L49: =IF(N18="","", (D18*M18-(D18*N18))) | M49: =IF(O18="","", (D18*N18-(D18*O18))) | N49: =IF(P18="","", (D18*O18-(D18*P18))) | O49: =IF(Q18="","", (D18*P18-(D18*Q18))) | P49: =IF(R18="","", (D18*Q18-(D18*R18))) | T49: ='Calculator Summary'!B14 -> Eye Protection - Goggles | V49: =IF(SUM(D49:P49)>0,AVERAGE(D49:P49),"")
B50: =B19 -> Disposable Gowns | D50: =IF(F19="","", (D19*E19-(D19*F19))) | E50: =IF(G19="","", (D19*F19-(D19*G19))) | F50: =IF(H19="","", (D19*G19-(D19*H19))) | G50: =IF(I19="","", (D19*H19-(D19*I19))) | H50: =IF(J19="","", (D19*I19-(D19*J19))) | I50: =IF(K19="","", (D19*J19-(D19*K19))) | J50: =IF(L19="","", (D19*K19-(D19*L19))) | K50: =IF(M19="","", (D19*L19-(D19*M19))) | L50: =IF(N19="","", (D19*M19-(D19*N19))) | M50: =IF(O19="","", (D19*N19-(D19*O19))) | N50: =IF(P19="","", (D19*O19-(D19*P19))) | O50: =IF(Q19="","", (D19*P19-(D19*Q19))) | P50: =IF(R19="","", (D19*Q19-(D19*R19))) | T50: =B50 -> Disposable Gowns | V50: =IF(SUM(D50:P50)>0,AVERAGE(D50:P50),"")
B51: =B20 -> Fluid Resistant Gowns | D51: =IF(F20="","", (D20*E20-(D20*F20))) | E51: =IF(G20="","", (D20*F20-(D20*G20))) | F51: =IF(H20="","", (D20*G20-(D20*H20))) | G51: =IF(I20="","", (D20*H20-(D20*I20))) | H51: =IF(J20="","", (D20*I20-(D20*J20))) | I51: =IF(K20="","", (D20*J20-(D20*K20))) | J51: =IF(L20="","", (D20*K20-(D20*L20))) | K51: =IF(M20="","", (D20*L20-(D20*M20))) | L51: =IF(N20="","", (D20*M20-(D20*N20))) | M51: =IF(O20="","", (D20*N20-(D20*O20))) | N51: =IF(P20="","", (D20*O20-(D20*P20))) | O51: =IF(Q20="","", (D20*P20-(D20*Q20))) | P51: =IF(R20="","", (D20*Q20-(D20*R20))) | T51: =B51 -> Fluid Resistant Gowns | V51: =IF(SUM(D51:P51)>0,AVERAGE(D51:P51),"")
B52: =B21 -> Other | D52: =IF(F21="","", (D21*E21-(D21*F21))) | E52: =IF(G21="","", (D21*F21-(D21*G21))) | F52: =IF(H21="","", (D21*G21-(D21*H21))) | G52: =IF(I21="","", (D21*H21-(D21*I21))) | H52: =IF(J21="","", (D21*I21-(D21*J21))) | I52: =IF(K21="","", (D21*J21-(D21*K21))) | J52: =IF(L21="","", (D21*K21-(D21*L21))) | K52: =IF(M21="","", (D21*L21-(D21*M21))) | L52: =IF(N21="","", (D21*M21-(D21*N21))) | M52: =IF(O21="","", (D21*N21-(D21*O21))) | N52: =IF(P21="","", (D21*O21-(D21*P21))) | O52: =IF(Q21="","", (D21*P21-(D21*Q21))) | P52: =IF(R21="","", (D21*Q21-(D21*R21))) | T52: =B52 -> Other | V52: =IF(SUM(D52:P52)>0,AVERAGE(D52:P52),"")
B53: =B22 -> Other | D53: =IF(F22="","", (D22*E22-(D22*F22))) | E53: =IF(G22="","", (D22*F22-(D22*G22))) | F53: =IF(H22="","", (D22*G22-(D22*H22))) | G53: =IF(I22="","", (D22*H22-(D22*I22))) | H53: =IF(J22="","", (D22*I22-(D22*J22))) | I53: =IF(K22="","", (D22*J22-(D22*K22))) | J53: =IF(L22="","", (D22*K22-(D22*L22))) | K53: =IF(M22="","", (D22*L22-(D22*M22))) | L53: =IF(N22="","", (D22*M22-(D22*N22))) | M53: =IF(O22="","", (D22*N22-(D22*O22))) | N53: =IF(P22="","", (D22*O22-(D22*P22))) | O53: =IF(Q22="","", (D22*P22-(D22*Q22))) | P53: =IF(R22="","", (D22*Q22-(D22*R22))) | T53: =B53 -> Other | V53: =IF(SUM(D53:P53)>0,AVERAGE(D53:P53),"")
B54: =B23 -> Other | D54: =IF(F23="","", (D23*E23-(D23*F23))) | E54: =IF(G23="","", (D23*F23-(D23*G23))) | F54: =IF(H23="","", (D23*G23-(D23*H23))) | G54: =IF(I23="","", (D23*H23-(D23*I23))) | H54: =IF(J23="","", (D23*I23-(D23*J23))) | I54: =IF(K23="","", (D23*J23-(D23*K23))) | J54: =IF(L23="","", (D23*K23-(D23*L23))) | K54: =IF(M23="","", (D23*L23-(D23*M23))) | L54: =IF(N23="","", (D23*M23-(D23*N23))) | M54: =IF(O23="","", (D23*N23-(D23*O23))) | N54: =IF(P23="","", (D23*O23-(D23*P23))) | O54: =IF(Q23="","", (D23*P23-(D23*Q23))) | P54: =IF(R23="","", (D23*Q23-(D23*R23))) | T54: =B54 -> Other | V54: =IF(SUM(D54:P54)>0,AVERAGE(D54:P54),"")
B56: Number of Days Supply Remaining | T56: Average Consumption of PPE used per Patient, per Day
B58: Type of PPE | D58: Day 1 | E58: Day 2 | F58: Day 3 | G58: Day 4 | H58: Day 5 | I58: Day 6 | J58: Day 7 | K58: Day 8 | L58: Day 9 | M58: Day 10 | N58: Day 11 | O58: Day 12 | P58: Day 13 | Q58: Day 14 | T58: Type of PPE | V58: Burn Rate
B59: =B40 -> Washable Gowns | D59: =IF((D9*E9)<>"",(D9*E9)/$V40,"") -> #VALUE! | E59: =IF((D9*F9)<>"",(D9*F9)/$V40,"") -> #VALUE! | F59: =IF((D9*G9)<>"",(D9*G9)/$V40,"") -> #VALUE! | G59: =IF((D9*H9)<>"",(D9*H9)/$V40,"") -> #VALUE! | H59: =IF((D9*I9)<>"",(D9*I9)/$V40,"") -> #VALUE! | I59: =IF((D9*J9)<>"",(D9*J9)/$V40,"") -> #VALUE! | J59: =IF((D9*K9)<>"",(D9*K9)/$V40,"") -> #VALUE! | K59: =IF((D9*L9)<>"",(D9*L9)/$V40,"") -> #VALUE! | L59: =IF((D9*M9)<>"",(D9*M9)/$V40,"") -> #VALUE! | M59: =IF((D9*N9)<>"",(D9*N9)/$V40,"") -> #VALUE! | N59: =IF((D9*O9)<>"",(D9*O9)/$V40,"") -> #VALUE! | O59: =IF((D9*P9)<>"",(D9*P9)/$V40,"") -> #VALUE! | P59: =IF((D9*Q9)<>"",(D9*Q9)/$V40,"") -> #VALUE! | Q59: =IF((D9*R9)<>"",(D9*R9)/$V40,"") -> #VALUE! | T59: ='Calculator Summary'!B23 -> Washable Gowns | V59: =IF(SUM(D78:P78)>0,AVERAGE(D78:P78),"")
B60: Gloves (pairs) | C60: =IF(C41="","",C41) -> small | D60: =IF(((D10*E10)/2)<>"",((D10*E10)/2)/$V41,"") -> #VALUE! | E60: =IF(((D10*F10)/2)<>"",((D10*F10)/2)/$V41,"") -> #VALUE! | F60: =IF(((D10*G10)/2)<>"",((D10*G10)/2)/$V41,"") -> #VALUE! | G60: =IF(((D10*H10)/2)<>"",((D10*H10)/2)/$V41,"") -> #VALUE! | H60: =IF(((D10*I10)/2)<>"",((D10*I10)/2)/$V41,"") -> #VALUE! | I60: =IF(((D10*J10)/2)<>"",((D10*J10)/2)/$V41,"") -> #VALUE! | J60: =IF(((D10*K10)/2)<>"",((D10*K10)/2)/$V41,"") -> #VALUE! | K60: =IF(((D10*L10)/2)<>"",((D10*L10)/2)/$V41,"") -> #VALUE! | L60: =IF(((D10*M10)/2)<>"",((D10*M10)/2)/$V41,"") -> #VALUE! | M60: =IF(((D10*N10)/2)<>"",((D10*N10)/2)/$V41,"") -> #VALUE! | N60: =IF(((D10*O10)/2)<>"",((D10*O10)/2)/$V41,"") -> #VALUE! | O60: =IF(((D10*P10)/2)<>"",((D10*P10)/2)/$V41,"") -> #VALUE! | P60: =IF(((D10*Q10)/2)<>"",((D10*Q10)/2)/$V41,"") -> #VALUE! | Q60: =IF(((D10*R10)/2)<>"",((D10*R10)/2)/$V41,"") -> #VALUE! | T60: Gloves (pairs) | U60: ='Calculator Summary'!C24 -> small | V60: =IF(SUM(D79:P79)>0,AVERAGE(D79:P79),"")
C61: =IF(C42="","",C42) -> medium | D61: =IF(((D11*E11)/2)<>"",((D11*E11)/2)/$V42,"") -> #VALUE! | E61: =IF(((D11*F11)/2)<>"",((D11*F11)/2)/$V42,"") -> #VALUE! | F61: =IF(((D11*G11)/2)<>"",((D11*G11)/2)/$V42,"") -> #VALUE! | G61: =IF(((D11*H11)/2)<>"",((D11*H11)/2)/$V42,"") -> #VALUE! | H61: =IF(((D11*I11)/2)<>"",((D11*I11)/2)/$V42,"") -> #VALUE! | I61: =IF(((D11*J11)/2)<>"",((D11*J11)/2)/$V42,"") -> #VALUE! | J61: =IF(((D11*K11)/2)<>"",((D11*K11)/2)/$V42,"") -> #VALUE! | K61: =IF(((D11*L11)/2)<>"",((D11*L11)/2)/$V42,"") -> #VALUE! | L61: =IF(((D11*M11)/2)<>"",((D11*M11)/2)/$V42,"") -> #VALUE! | M61: =IF(((D11*N11)/2)<>"",((D11*N11)/2)/$V42,"") -> #VALUE! | N61: =IF(((D11*O11)/2)<>"",((D11*O11)/2)/$V42,"") -> #VALUE! | O61: =IF(((D11*P11)/2)<>"",((D11*P11)/2)/$V42,"") -> #VALUE! | P61: =IF(((D11*Q11)/2)<>"",((D11*Q11)/2)/$V42,"") -> #VALUE! | Q61: =IF(((D11*R11)/2)<>"",((D11*R11)/2)/$V42,"") -> #VALUE! | U61: ='Calculator Summary'!C25 -> medium | V61: =IF(SUM(D80:P80)>0,AVERAGE(D80:P80),"")
C62: =IF(C43="","",C43) -> large | D62: =IF(((D12*E12)/2)<>"",((D12*E12)/2)/$V43,"") -> #VALUE! | E62: =IF(((D12*F12)/2)<>"",((D12*F12)/2)/$V43,"") -> #VALUE! | F62: =IF(((D12*G12)/2)<>"",((D12*G12)/2)/$V43,"") -> #VALUE! | G62: =IF(((D12*H12)/2)<>"",((D12*H12)/2)/$V43,"") -> #VALUE! | H62: =IF(((D12*I12)/2)<>"",((D12*I12)/2)/$V43,"") -> #VALUE! | I62: =IF(((D12*J12)/2)<>"",((D12*J12)/2)/$V43,"") -> #VALUE! | J62: =IF(((D12*K12)/2)<>"",((D12*K12)/2)/$V43,"") -> #VALUE! | K62: =IF(((D12*L12)/2)<>"",((D12*L12)/2)/$V43,"") -> #VALUE! | L62: =IF(((D12*M12)/2)<>"",((D12*M12)/2)/$V43,"") -> #VALUE! | M62: =IF(((D12*N12)/2)<>"",((D12*N12)/2)/$V43,"") -> #VALUE! | N62: =IF(((D12*O12)/2)<>"",((D12*O12)/2)/$V43,"") -> #VALUE! | O62: =IF(((D12*P12)/2)<>"",((D12*P12)/2)/$V43,"") -> #VALUE! | P62: =IF(((D12*Q12)/2)<>"",((D12*Q12)/2)/$V43,"") -> #VALUE! | Q62: =IF(((D12*R12)/2)<>"",((D12*R12)/2)/$V43,"") -> #VALUE! | U62: ='Calculator Summary'!C26 -> large | V62: =IF(SUM(D81:P81)>0,AVERAGE(D81:P81),"")
C63: =IF(C44="","",C44) -> extra large | D63: =IF(((D13*E13)/2)<>"",((D13*E13)/2)/$V44,"") -> #VALUE! | E63: =IF(((D13*F13)/2)<>"",((D13*F13)/2)/$V44,"") -> #VALUE! | F63: =IF(((D13*G13)/2)<>"",((D13*G13)/2)/$V44,"") -> #VALUE! | G63: =IF(((D13*H13)/2)<>"",((D13*H13)/2)/$V44,"") -> #VALUE! | H63: =IF(((D13*I13)/2)<>"",((D13*I13)/2)/$V44,"") -> #VALUE! | I63: =IF(((D13*J13)/2)<>"",((D13*J13)/2)/$V44,"") -> #VALUE! | J63: =IF(((D13*K13)/2)<>"",((D13*K13)/2)/$V44,"") -> #VALUE! | K63: =IF(((D13*L13)/2)<>"",((D13*L13)/2)/$V44,"") -> #VALUE! | L63: =IF(((D13*M13)/2)<>"",((D13*M13)/2)/$V44,"") -> #VALUE! | M63: =IF(((D13*N13)/2)<>"",((D13*N13)/2)/$V44,"") -> #VALUE! | N63: =IF(((D13*O13)/2)<>"",((D13*O13)/2)/$V44,"") -> #VALUE! | O63: =IF(((D13*P13)/2)<>"",((D13*P13)/2)/$V44,"") -> #VALUE! | P63: =IF(((D13*Q13)/2)<>"",((D13*Q13)/2)/$V44,"") -> #VALUE! | Q63: =IF(((D13*R13)/2)<>"",((D13*R13)/2)/$V44,"") -> #VALUE! | U63: ='Calculator Summary'!C27 -> extra large | V63: =IF(SUM(D82:P82)>0,AVERAGE(D82:P82),"")
B64: =B45 -> N95 Masks | D64: =IF((D14*E14)<>"",(D14*E14)/$V45,"") -> #VALUE! | E64: =IF((D14*F14)<>"",(D14*F14)/$V45,"") -> #VALUE! | F64: =IF((D14*G14)<>"",(D14*G14)/$V45,"") -> #VALUE! | G64: =IF((D14*H14)<>"",(D14*H14)/$V45,"") -> #VALUE! | H64: =IF((D14*I14)<>"",(D14*I14)/$V45,"") -> #VALUE! | I64: =IF((D14*J14)<>"",(D14*J14)/$V45,"") -> #VALUE! | J64: =IF((D14*K14)<>"",(D14*K14)/$V45,"") -> #VALUE! | K64: =IF((D14*L14)<>"",(D14*L14)/$V45,"") -> #VALUE! | L64: =IF((D14*M14)<>"",(D14*M14)/$V45,"") -> #VALUE! | M64: =IF((D14*N14)<>"",(D14*N14)/$V45,"") -> #VALUE! | N64: =IF((D14*O14)<>"",(D14*O14)/$V45,"") -> #VALUE! | O64: =IF((D14*P14)<>"",(D14*P14)/$V45,"") -> #VALUE! | P64: =IF((D14*Q14)<>"",(D14*Q14)/$V45,"") -> #VALUE! | Q64: =IF((D14*R14)<>"",(D14*R14)/$V45,"") -> #VALUE! | T64: ='Calculator Summary'!B28 -> N95 Masks | V64: =IF(SUM(D83:P83)>0,AVERAGE(D83:P83),"")
B65: =B46 -> Surgical Masks | D65: =IF((D15*E15)<>"",(D15*E15)/$V46,"") -> #VALUE! | E65: =IF((D15*F15)<>"",(D15*F15)/$V46,"") -> #VALUE! | F65: =IF((D15*G15)<>"",(D15*G15)/$V46,"") -> #VALUE! | G65: =IF((D15*H15)<>"",(D15*H15)/$V46,"") -> #VALUE! | H65: =IF((D15*I15)<>"",(D15*I15)/$V46,"") -> #VALUE! | I65: =IF((D15*J15)<>"",(D15*J15)/$V46,"") -> #VALUE! | J65: =IF((D15*K15)<>"",(D15*K15)/$V46,"") -> #VALUE! | K65: =IF((D15*L15)<>"",(D15*L15)/$V46,"") -> #VALUE! | L65: =IF((D15*M15)<>"",(D15*M15)/$V46,"") -> #VALUE! | M65: =IF((D15*N15)<>"",(D15*N15)/$V46,"") -> #VALUE! | N65: =IF((D15*O15)<>"",(D15*O15)/$V46,"") -> #VALUE! | O65: =IF((D15*P15)<>"",(D15*P15)/$V46,"") -> #VALUE! | P65: =IF((D15*Q15)<>"",(D15*Q15)/$V46,"") -> #VALUE! | Q65: =IF((D15*R15)<>"",(D15*R15)/$V46,"") -> #VALUE! | T65: ='Calculator Summary'!B29 -> Surgical Masks | V65: =IF(SUM(D84:P84)>0,AVERAGE(D84:P84),"")
B66: =B47 -> Respirators | D66: =IF((D16*E16)<>"",(D16*E16)/$V47,"") -> #VALUE! | E66: =IF((D16*F16)<>"",(D16*F16)/$V47,"") -> #VALUE! | F66: =IF((D16*G16)<>"",(D16*G16)/$V47,"") -> #VALUE! | G66: =IF((D16*H16)<>"",(D16*H16)/$V47,"") -> #VALUE! | H66: =IF((D16*I16)<>"",(D16*I16)/$V47,"") -> #VALUE! | I66: =IF((D16*J16)<>"",(D16*J16)/$V47,"") -> #VALUE! | J66: =IF((D16*K16)<>"",(D16*K16)/$V47,"") -> #VALUE! | K66: =IF((D16*L16)<>"",(D16*L16)/$V47,"") -> #VALUE! | L66: =IF((D16*M16)<>"",(D16*M16)/$V47,"") -> #VALUE! | M66: =IF((D16*N16)<>"",(D16*N16)/$V47,"") -> #VALUE! | N66: =IF((D16*O16)<>"",(D16*O16)/$V47,"") -> #VALUE! | O66: =IF((D16*P16)<>"",(D16*P16)/$V47,"") -> #VALUE! | P66: =IF((D16*Q16)<>"",(D16*Q16)/$V47,"") -> #VALUE! | Q66: =IF((D16*R16)<>"",(D16*R16)/$V47,"") -> #VALUE! | T66: ='Calculator Summary'!B30 -> Respirators | V66: =IF(SUM(D85:P85)>0,AVERAGE(D85:P85),"")
B67: =B48 -> Face Shields | D67: =IF((D17*E17)<>"",(D17*E17)/$V48,"") -> #VALUE! | E67: =IF((D17*F17)<>"",(D17*F17)/$V48,"") -> #VALUE! | F67: =IF((D17*G17)<>"",(D17*G17)/$V48,"") -> #VALUE! | G67: =IF((D17*H17)<>"",(D17*H17)/$V48,"") -> #VALUE! | H67: =IF((D17*I17)<>"",(D17*I17)/$V48,"") -> #VALUE! | I67: =IF((D17*J17)<>"",(D17*J17)/$V48,"") -> #VALUE! | J67: =IF((D17*K17)<>"",(D17*K17)/$V48,"") -> #VALUE! | K67: =IF((D17*L17)<>"",(D17*L17)/$V48,"") -> #VALUE! | L67: =IF((D17*M17)<>"",(D17*M17)/$V48,"") -> #VALUE! | M67: =IF((D17*N17)<>"",(D17*N17)/$V48,"") -> #VALUE! | N67: =IF((D17*O17)<>"",(D17*O17)/$V48,"") -> #VALUE! | O67: =IF((D17*P17)<>"",(D17*P17)/$V48,"") -> #VALUE! | P67: =IF((D17*Q17)<>"",(D17*Q17)/$V48,"") -> #VALUE! | Q67: =IF((D17*R17)<>"",(D17*R17)/$V48,"") -> #VALUE! | T67: ='Calculator Summary'!B31 -> Face Shields | V67: =IF(SUM(D86:P86)>0,AVERAGE(D86:P86),"")
B68: =IF(B49="","",B49) -> Eye Protection - Goggles | D68: =IF((D18*E18)<>"",(D18*E18)/$V49,"") -> #VALUE! | E68: =IF((D18*F18)<>"",(D18*F18)/$V49,"") -> #VALUE! | F68: =IF((D18*G18)<>"",(D18*G18)/$V49,"") -> #VALUE! | G68: =IF((D18*H18)<>"",(D18*H18)/$V49,"") -> #VALUE! | H68: =IF((D18*I18)<>"",(D18*I18)/$V49,"") -> #VALUE! | I68: =IF((D18*J18)<>"",(D18*J18)/$V49,"") -> #VALUE! | J68: =IF((D18*K18)<>"",(D18*K18)/$V49,"") -> #VALUE! | K68: =IF((D18*L18)<>"",(D18*L18)/$V49,"") -> #VALUE! | L68: =IF((D18*M18)<>"",(D18*M18)/$V49,"") -> #VALUE! | M68: =IF((D18*N18)<>"",(D18*N18)/$V49,"") -> #VALUE! | N68: =IF((D18*O18)<>"",(D18*O18)/$V49,"") -> #VALUE! | O68: =IF((D18*P18)<>"",(D18*P18)/$V49,"") -> #VALUE! | P68: =IF((D18*Q18)<>"",(D18*Q18)/$V49,"") -> #VALUE! | Q68: =IF((D18*R18)<>"",(D18*R18)/$V49,"") -> #VALUE! | T68: ='Calculator Summary'!B32 -> Eye Protection - Goggles | V68: =IF(SUM(D87:P87)>0,AVERAGE(D87:P87),"")
B69: =B50 -> Disposable Gowns | D69: =IF((D19*E19)<>"",(D19*E19)/$V50,"") -> #VALUE! | E69: =IF((D19*F19)<>"",(D19*F19)/$V50,"") -> #VALUE! | F69: =IF((D19*G19)<>"",(D19*G19)/$V50,"") -> #VALUE! | G69: =IF((D19*H19)<>"",(D19*H19)/$V50,"") -> #VALUE! | H69: =IF((D19*I19)<>"",(D19*I19)/$V50,"") -> #VALUE! | I69: =IF((D19*J19)<>"",(D19*J19)/$V50,"") -> #VALUE! | J69: =IF((D19*K19)<>"",(D19*K19)/$V50,"") -> #VALUE! | K69: =IF((D19*L19)<>"",(D19*L19)/$V50,"") -> #VALUE! | L69: =IF((D19*M19)<>"",(D19*M19)/$V50,"") -> #VALUE! | M69: =IF((D19*N19)<>"",(D19*N19)/$V50,"") -> #VALUE! | N69: =IF((D19*O19)<>"",(D19*O19)/$V50,"") -> #VALUE! | O69: =IF((D19*P19)<>"",(D19*P19)/$V50,"") -> #VALUE! | P69: =IF((D19*Q19)<>"",(D19*Q19)/$V50,"") -> #VALUE! | Q69: =IF((D19*R19)<>"",(D19*R19)/$V50,"") -> #VALUE! | T69: =B50 -> Disposable Gowns | V69: =IF(SUM(D88:P88)>0,AVERAGE(D88:P88),"")
B70: =B51 -> Fluid Resistant Gowns | D70: =IF((D20*E20)<>"",(D20*E20)/$V51,"") -> #VALUE! | E70: =IF((D20*F20)<>"",(D20*F20)/$V51,"") -> #VALUE! | F70: =IF((D20*G20)<>"",(D20*G20)/$V51,"") -> #VALUE! | G70: =IF((D20*H20)<>"",(D20*H20)/$V51,"") -> #VALUE! | H70: =IF((D20*I20)<>"",(D20*I20)/$V51,"") -> #VALUE! | I70: =IF((D20*J20)<>"",(D20*J20)/$V51,"") -> #VALUE! | J70: =IF((D20*K20)<>"",(D20*K20)/$V51,"") -> #VALUE! | K70: =IF((D20*L20)<>"",(D20*L20)/$V51,"") -> #VALUE! | L70: =IF((D20*M20)<>"",(D20*M20)/$V51,"") -> #VALUE! | M70: =IF((D20*N20)<>"",(D20*N20)/$V51,"") -> #VALUE! | N70: =IF((D20*O20)<>"",(D20*O20)/$V51,"") -> #VALUE! | O70: =IF((D20*P20)<>"",(D20*P20)/$V51,"") -> #VALUE! | P70: =IF((D20*Q20)<>"",(D20*Q20)/$V51,"") -> #VALUE! | Q70: =IF((D20*R20)<>"",(D20*R20)/$V51,"") -> #VALUE! | T70: =B51 -> Fluid Resistant Gowns | V70: =IF(SUM(D89:P89)>0,AVERAGE(D89:P89),"")
B71: =B52 -> Other | D71: =IF((D21*E21)<>"",(D21*E21)/$V52,"") -> #VALUE! | E71: =IF((D21*F21)<>"",(D21*F21)/$V52,"") -> #VALUE! | F71: =IF((D21*G21)<>"",(D21*G21)/$V52,"") -> #VALUE! | G71: =IF((D21*H21)<>"",(D21*H21)/$V52,"") -> #VALUE! | H71: =IF((D21*I21)<>"",(D21*I21)/$V52,"") -> #VALUE! | I71: =IF((D21*J21)<>"",(D21*J21)/$V52,"") -> #VALUE! | J71: =IF((D21*K21)<>"",(D21*K21)/$V52,"") -> #VALUE! | K71: =IF((D21*L21)<>"",(D21*L21)/$V52,"") -> #VALUE! | L71: =IF((D21*M21)<>"",(D21*M21)/$V52,"") -> #VALUE! | M71: =IF((D21*N21)<>"",(D21*N21)/$V52,"") -> #VALUE! | N71: =IF((D21*O21)<>"",(D21*O21)/$V52,"") -> #VALUE! | O71: =IF((D21*P21)<>"",(D21*P21)/$V52,"") -> #VALUE! | P71: =IF((D21*Q21)<>"",(D21*Q21)/$V52,"") -> #VALUE! | Q71: =IF((D21*R21)<>"",(D21*R21)/$V52,"") -> #VALUE! | T71: =B52 -> Other | V71: =IF(SUM(D90:P90)>0,AVERAGE(D90:P90),"")
B72: =B53 -> Other | D72: =IF((D22*E22)<>"",(D22*E22)/$V53,"") -> #VALUE! | E72: =IF((D22*F22)<>"",(D22*F22)/$V53,"") -> #VALUE! | F72: =IF((D22*G22)<>"",(D22*G22)/$V53,"") -> #VALUE! | G72: =IF((D22*H22)<>"",(D22*H22)/$V53,"") -> #VALUE! | H72: =IF((D22*I22)<>"",(D22*I22)/$V53,"") -> #VALUE! | I72: =IF((D22*J22)<>"",(D22*J22)/$V53,"") -> #VALUE! | J72: =IF((D22*K22)<>"",(D22*K22)/$V53,"") -> #VALUE! | K72: =IF((D22*L22)<>"",(D22*L22)/$V53,"") -> #VALUE! | L72: =IF((D22*M22)<>"",(D22*M22)/$V53,"") -> #VALUE! | M72: =IF((D22*N22)<>"",(D22*N22)/$V53,"") -> #VALUE! | N72: =IF((D22*O22)<>"",(D22*O22)/$V53,"") -> #VALUE! | O72: =IF((D22*P22)<>"",(D22*P22)/$V53,"") -> #VALUE! | P72: =IF((D22*Q22)<>"",(D22*Q22)/$V53,"") -> #VALUE! | Q72: =IF((D22*R22)<>"",(D22*R22)/$V53,"") -> #VALUE! | T72: =B53 -> Other | V72: =IF(SUM(D91:P91)>0,AVERAGE(D91:P91),"")
B73: =B54 -> Other | D73: =IF((D23*E23)<>"",(D23*E23)/$V54,"") -> #VALUE! | E73: =IF((D23*F23)<>"",(D23*F23)/$V54,"") -> #VALUE! | F73: =IF((D23*G23)<>"",(D23*G23)/$V54,"") -> #VALUE! | G73: =IF((D23*H23)<>"",(D23*H23)/$V54,"") -> #VALUE! | H73: =IF((D23*I23)<>"",(D23*I23)/$V54,"") -> #VALUE! | I73: =IF((D23*J23)<>"",(D23*J23)/$V54,"") -> #VALUE! | J73: =IF((D23*K23)<>"",(D23*K23)/$V54,"") -> #VALUE! | K73: =IF((D23*L23)<>"",(D23*L23)/$V54,"") -> #VALUE! | L73: =IF((D23*M23)<>"",(D23*M23)/$V54,"") -> #VALUE! | M73: =IF((D23*N23)<>"",(D23*N23)/$V54,"") -> #VALUE! | N73: =IF((D23*O23)<>"",(D23*O23)/$V54,"") -> #VALUE! | O73: =IF((D23*P23)<>"",(D23*P23)/$V54,"") -> #VALUE! | P73: =IF((D23*Q23)<>"",(D23*Q23)/$V54,"") -> #VALUE! | Q73: =IF((D23*R23)<>"",(D23*R23)/$V54,"") -> #VALUE! | T73: =B54 -> Other | V73: =IF(SUM(D92:P92)>0,AVERAGE(D92:P92),"")
B75: Amount of PPE used per patient (negative numbers indicate daily supply increase)
B77: Type of PPE | D77: =D39 -> Day 1 -Day 2 | E77: =E39 -> Day 2 - Day 3 | F77: =F39 -> Day 3 - Day 4 | G77: =G39 -> Day 4 - Day 5 | H77: =H39 -> Day 5 - Day 6 | I77: =I39 -> Day 6 - Day 7 | J77: =J39 -> Day 7 - Day 8 | K77: =K39 -> Day 8 - Day 9 | ... P77: =P39 -> Day 13 - Day 14
B78: =B59 -> Washable Gowns | D78: =IF(OR(F$7="",D40=""),"",D40/F$7) | E78: =IF(OR(G$7="",E40=""),"",E40/G$7) | F78: =IF(OR(H$7="",F40=""),"",F40/H$7) | G78: =IF(OR(I$7="",G40=""),"",G40/I$7) | H78: =IF(OR(J$7="",H40=""),"",H40/J$7) | I78: =IF(OR(K$7="",I40=""),"",I40/K$7) | J78: =IF(OR(L$7="",J40=""),"",J40/L$7) | K78: =IF(OR(M$7="",K40=""),"",K40/M$7) | ... P78: =IF(OR(R$7="",P40=""),"",P40/R$7)
B79: Gloves (pairs) | C79: =IF(C60="","",C60) -> small | D79: =IF(OR(F$7="",D41=""),"",D41/F$7) | E79: =IF(OR(G$7="",E41=""),"",E41/G$7) | F79: =IF(OR(H$7="",F41=""),"",F41/H$7) | G79: =IF(OR(I$7="",G41=""),"",G41/I$7) | H79: =IF(OR(J$7="",H41=""),"",H41/J$7) | I79: =IF(OR(K$7="",I41=""),"",I41/K$7) | J79: =IF(OR(L$7="",J41=""),"",J41/L$7) | K79: =IF(OR(M$7="",K41=""),"",K41/M$7) | ... P79: =IF(OR(R$7="",P41=""),"",P41/R$7)
C80: =IF(C61="","",C61) -> medium | D80: =IF(OR(F$7="",D42=""),"",D42/F$7) | E80: =IF(OR(G$7="",E42=""),"",E42/G$7) | F80: =IF(OR(H$7="",F42=""),"",F42/H$7) | G80: =IF(OR(I$7="",G42=""),"",G42/I$7) | H80: =IF(OR(J$7="",H42=""),"",H42/J$7) | I80: =IF(OR(K$7="",I42=""),"",I42/K$7) | J80: =IF(OR(L$7="",J42=""),"",J42/L$7) | K80: =IF(OR(M$7="",K42=""),"",K42/M$7) | ... P80: =IF(OR(R$7="",P42=""),"",P42/R$7)
C81: =IF(C62="","",C62) -> large | D81: =IF(OR(F$7="",D43=""),"",D43/F$7) | E81: =IF(OR(G$7="",E43=""),"",E43/G$7) | F81: =IF(OR(H$7="",F43=""),"",F43/H$7) | G81: =IF(OR(I$7="",G43=""),"",G43/I$7) | H81: =IF(OR(J$7="",H43=""),"",H43/J$7) | I81: =IF(OR(K$7="",I43=""),"",I43/K$7) | J81: =IF(OR(L$7="",J43=""),"",J43/L$7) | K81: =IF(OR(M$7="",K43=""),"",K43/M$7) | ... P81: =IF(OR(R$7="",P43=""),"",P43/R$7)
C82: =IF(C63="","",C63) -> extra large | D82: =IF(OR(F$7="",D44=""),"",D44/F$7) | E82: =IF(OR(G$7="",E44=""),"",E44/G$7) | F82: =IF(OR(H$7="",F44=""),"",F44/H$7) | G82: =IF(OR(I$7="",G44=""),"",G44/I$7) | H82: =IF(OR(J$7="",H44=""),"",H44/J$7) | I82: =IF(OR(K$7="",I44=""),"",I44/K$7) | J82: =IF(OR(L$7="",J44=""),"",J44/L$7) | K82: =IF(OR(M$7="",K44=""),"",K44/M$7) | ... P82: =IF(OR(R$7="",P44=""),"",P44/R$7)
B83: =B64 -> N95 Masks | D83: =IF(OR(F$7="",D45=""),"",D45/F$7) | E83: =IF(OR(G$7="",E45=""),"",E45/G$7) | F83: =IF(OR(H$7="",F45=""),"",F45/H$7) | G83: =IF(OR(I$7="",G45=""),"",G45/I$7) | H83: =IF(OR(J$7="",H45=""),"",H45/J$7) | I83: =IF(OR(K$7="",I45=""),"",I45/K$7) | J83: =IF(OR(L$7="",J45=""),"",J45/L$7) | K83: =IF(OR(M$7="",K45=""),"",K45/M$7) | ... P83: =IF(OR(R$7="",P45=""),"",P45/R$7)
B84: =B65 -> Surgical Masks | D84: =IF(OR(F$7="",D46=""),"",D46/F$7) | E84: =IF(OR(G$7="",E46=""),"",E46/G$7) | F84: =IF(OR(H$7="",F46=""),"",F46/H$7) | G84: =IF(OR(I$7="",G46=""),"",G46/I$7) | H84: =IF(OR(J$7="",H46=""),"",H46/J$7) | I84: =IF(OR(K$7="",I46=""),"",I46/K$7) | J84: =IF(OR(L$7="",J46=""),"",J46/L$7) | K84: =IF(OR(M$7="",K46=""),"",K46/M$7) | ... P84: =IF(OR(R$7="",P46=""),"",P46/R$7)
B85: =B66 -> Respirators | D85: =IF(OR(F$7="",D47=""),"",D47/F$7) | E85: =IF(OR(G$7="",E47=""),"",E47/G$7) | F85: =IF(OR(H$7="",F47=""),"",F47/H$7) | G85: =IF(OR(I$7="",G47=""),"",G47/I$7) | H85: =IF(OR(J$7="",H47=""),"",H47/J$7) | I85: =IF(OR(K$7="",I47=""),"",I47/K$7) | J85: =IF(OR(L$7="",J47=""),"",J47/L$7) | K85: =IF(OR(M$7="",K47=""),"",K47/M$7) | ... P85: =IF(OR(R$7="",P47=""),"",P47/R$7)
B86: =B67 -> Face Shields | D86: =IF(OR(F$7="",D48=""),"",D48/F$7) | E86: =IF(OR(G$7="",E48=""),"",E48/G$7) | F86: =IF(OR(H$7="",F48=""),"",F48/H$7) | G86: =IF(OR(I$7="",G48=""),"",G48/I$7) | H86: =IF(OR(J$7="",H48=""),"",H48/J$7) | I86: =IF(OR(K$7="",I48=""),"",I48/K$7) | J86: =IF(OR(L$7="",J48=""),"",J48/L$7) | K86: =IF(OR(M$7="",K48=""),"",K48/M$7) | ... P86: =IF(OR(R$7="",P48=""),"",P48/R$7)
B87: =IF(B68="","",B68) -> Eye Protection - Goggles | D87: =IF(OR(F$7="",D49=""),"",D49/F$7) | E87: =IF(OR(G$7="",E49=""),"",E49/G$7) | F87: =IF(OR(H$7="",F49=""),"",F49/H$7) | G87: =IF(OR(I$7="",G49=""),"",G49/I$7) | H87: =IF(OR(J$7="",H49=""),"",H49/J$7) | I87: =IF(OR(K$7="",I49=""),"",I49/K$7) | J87: =IF(OR(L$7="",J49=""),"",J49/L$7) | K87: =IF(OR(M$7="",K49=""),"",K49/M$7) | ... P87: =IF(OR(R$7="",P49=""),"",P49/R$7)
B88: =B50 -> Disposable Gowns | D88: =IF(OR(F$7="",D50=""),"",D50/F$7) | E88: =IF(OR(G$7="",E50=""),"",E50/G$7) | F88: =IF(OR(H$7="",F50=""),"",F50/H$7) | G88: =IF(OR(I$7="",G50=""),"",G50/I$7) | H88: =IF(OR(J$7="",H50=""),"",H50/J$7) | I88: =IF(OR(K$7="",I50=""),"",I50/K$7) | J88: =IF(OR(L$7="",J50=""),"",J50/L$7) | K88: =IF(OR(M$7="",K50=""),"",K50/M$7) | ... P88: =IF(OR(R$7="",P50=""),"",P50/R$7)
B89: =B51 -> Fluid Resistant Gowns | D89: =IF(OR(F$7="",D51=""),"",D51/F$7) | E89: =IF(OR(G$7="",E51=""),"",E51/G$7) | F89: =IF(OR(H$7="",F51=""),"",F51/H$7) | G89: =IF(OR(I$7="",G51=""),"",G51/I$7) | H89: =IF(OR(J$7="",H51=""),"",H51/J$7) | I89: =IF(OR(K$7="",I51=""),"",I51/K$7) | J89: =IF(OR(L$7="",J51=""),"",J51/L$7) | K89: =IF(OR(M$7="",K51=""),"",K51/M$7) | ... P89: =IF(OR(R$7="",P51=""),"",P51/R$7)
B90: =B52 -> Other | D90: =IF(OR(F$7="",D52=""),"",D52/F$7) | E90: =IF(OR(G$7="",E52=""),"",E52/G$7) | F90: =IF(OR(H$7="",F52=""),"",F52/H$7) | G90: =IF(OR(I$7="",G52=""),"",G52/I$7) | H90: =IF(OR(J$7="",H52=""),"",H52/J$7) | I90: =IF(OR(K$7="",I52=""),"",I52/K$7) | J90: =IF(OR(L$7="",J52=""),"",J52/L$7) | K90: =IF(OR(M$7="",K52=""),"",K52/M$7) | ... P90: =IF(OR(R$7="",P52=""),"",P52/R$7)
B91: =B53 -> Other | D91: =IF(OR(F$7="",D53=""),"",D53/F$7) | E91: =IF(OR(G$7="",E53=""),"",E53/G$7) | F91: =IF(OR(H$7="",F53=""),"",F53/H$7) | G91: =IF(OR(I$7="",G53=""),"",G53/I$7) | H91: =IF(OR(J$7="",H53=""),"",H53/J$7) | I91: =IF(OR(K$7="",I53=""),"",I53/K$7) | J91: =IF(OR(L$7="",J53=""),"",J53/L$7) | K91: =IF(OR(M$7="",K53=""),"",K53/M$7) | ... P91: =IF(OR(R$7="",P53=""),"",P53/R$7)
B92: =B54 -> Other | D92: =IF(OR(F$7="",D54=""),"",D54/F$7) | E92: =IF(OR(G$7="",E54=""),"",E54/G$7) | F92: =IF(OR(H$7="",F54=""),"",F54/H$7) | G92: =IF(OR(I$7="",G54=""),"",G54/I$7) | H92: =IF(OR(J$7="",H54=""),"",H54/J$7) | I92: =IF(OR(K$7="",I54=""),"",I54/K$7) | J92: =IF(OR(L$7="",J54=""),"",J54/L$7) | K92: =IF(OR(M$7="",K54=""),"",K54/M$7) | ... P92: =IF(OR(R$7="",P54=""),"",P54/R$7)
S93: =IF(OR(S$7="",S55=""),"",S55/S$7)
S94: =IF(OR(S$7="",R56=""),"",R56/S$7)
S95: =IF(OR(S$7="",R57=""),"",R57/S$7)
S96: =IF(OR(S$7="",R58=""),"",R58/S$7)
S97: =IF(OR(S$7="",R59=""),"",R59/S$7)
S101: =IF(OR(S$7="",R61=""),"",R61/S$7)

Sheet Calculator Summary
B3: Total Number of PPE Used per Day (negative numbers indicate daily supply increase) | S3: Average Consumption of PPE used per Day
B4: Type of PPE | D4: Day 1 -Day 2 | E4: Day 2 - Day 3 | F4: Day 3 - Day 4 | G4: Day 4 - Day 5 | H4: Day 5 - Day 6 | I4: Day 6 - Day 7 | J4: Day 7 - Day 8 | K4: Day 8 - Day 9 | L4: Day 9 - Day 10 | M4: Day 10 - Day 11 | N4: Day 11 - Day 12 | O4: Day 12 - Day 13 | P4: Day 13 - Day 14 | S4: Type of PPE | U4: Burn Rate
B5: ='Daily Data Entry'!B40:C40 -> Washable Gowns | D5: ='Daily Data Entry'!D40 | E5: ='Daily Data Entry'!E40 | F5: ='Daily Data Entry'!F40 | G5: ='Daily Data Entry'!G40 | H5: ='Daily Data Entry'!H40 | I5: ='Daily Data Entry'!I40 | J5: ='Daily Data Entry'!J40 | K5: ='Daily Data Entry'!K40 | ... P5: ='Daily Data Entry'!P40 | S5: =B5 -> Washable Gowns | U5: ='Daily Data Entry'!V40
B6: Gloves (pairs) | C6: ='Daily Data Entry'!C10 -> small | D6: ='Daily Data Entry'!D41 | E6: ='Daily Data Entry'!E41 | F6: ='Daily Data Entry'!F41 | G6: ='Daily Data Entry'!G41 | H6: ='Daily Data Entry'!H41 | I6: ='Daily Data Entry'!I41 | J6: ='Daily Data Entry'!J41 | K6: ='Daily Data Entry'!K41 | ... P6: ='Daily Data Entry'!P41 | S6: Gloves (pairs) | T6: =C6 -> small | U6: ='Daily Data Entry'!V41
C7: ='Daily Data Entry'!C11 -> medium | D7: ='Daily Data Entry'!D42 | E7: ='Daily Data Entry'!E42 | F7: ='Daily Data Entry'!F42 | G7: ='Daily Data Entry'!G42 | H7: ='Daily Data Entry'!H42 | I7: ='Daily Data Entry'!I42 | J7: ='Daily Data Entry'!J42 | K7: ='Daily Data Entry'!K42 | ... P7: ='Daily Data Entry'!P42 | T7: =C7 -> medium | U7: ='Daily Data Entry'!V42
C8: ='Daily Data Entry'!C12 -> large | D8: ='Daily Data Entry'!D43 | E8: ='Daily Data Entry'!E43 | F8: ='Daily Data Entry'!F43 | G8: ='Daily Data Entry'!G43 | H8: ='Daily Data Entry'!H43 | I8: ='Daily Data Entry'!I43 | J8: ='Daily Data Entry'!J43 | K8: ='Daily Data Entry'!K43 | ... P8: ='Daily Data Entry'!P43 | T8: =C8 -> large | U8: ='Daily Data Entry'!V43
C9: ='Daily Data Entry'!C13 -> extra large | D9: ='Daily Data Entry'!D44 | E9: ='Daily Data Entry'!E44 | F9: ='Daily Data Entry'!F44 | G9: ='Daily Data Entry'!G44 | H9: ='Daily Data Entry'!H44 | I9: ='Daily Data Entry'!I44 | J9: ='Daily Data Entry'!J44 | K9: ='Daily Data Entry'!K44 | ... P9: ='Daily Data Entry'!P44 | T9: =C9 -> extra large | U9: ='Daily Data Entry'!V44
B10: ='Daily Data Entry'!B14:C14 -> N95 Masks | D10: ='Daily Data Entry'!D45 | E10: ='Daily Data Entry'!E45 | F10: ='Daily Data Entry'!F45 | G10: ='Daily Data Entry'!G45 | H10: ='Daily Data Entry'!H45 | I10: ='Daily Data Entry'!I45 | J10: ='Daily Data Entry'!J45 | K10: ='Daily Data Entry'!K45 | ... P10: ='Daily Data Entry'!P45 | S10: =B10 -> N95 Masks | U10: ='Daily Data Entry'!V45
B11: ='Daily Data Entry'!B15:C15 -> Surgical Masks | D11: ='Daily Data Entry'!D46 | E11: ='Daily Data Entry'!E46 | F11: ='Daily Data Entry'!F46 | G11: ='Daily Data Entry'!G46 | H11: ='Daily Data Entry'!H46 | I11: ='Daily Data Entry'!I46 | J11: ='Daily Data Entry'!J46 | K11: ='Daily Data Entry'!K46 | ... P11: ='Daily Data Entry'!P46 | S11: =B11 -> Surgical Masks | U11: ='Daily Data Entry'!V46
B12: ='Daily Data Entry'!B66:C66 -> Respirators | D12: ='Daily Data Entry'!D47 | E12: ='Daily Data Entry'!E47 | F12: ='Daily Data Entry'!F47 | G12: ='Daily Data Entry'!G47 | H12: ='Daily Data Entry'!H47 | I12: ='Daily Data Entry'!I47 | J12: ='Daily Data Entry'!J47 | K12: ='Daily Data Entry'!K47 | ... P12: ='Daily Data Entry'!P47 | S12: =B12 -> Respirators | U12: ='Daily Data Entry'!V47
B13: ='Daily Data Entry'!B17:C17 -> Face Shields | D13: ='Daily Data Entry'!D48 | E13: ='Daily Data Entry'!E48 | F13: ='Daily Data Entry'!F48 | G13: ='Daily Data Entry'!G48 | H13: ='Daily Data Entry'!H48 | I13: ='Daily Data Entry'!I48 | J13: ='Daily Data Entry'!J48 | K13: ='Daily Data Entry'!K48 | ... P13: ='Daily Data Entry'!P48 | S13: =B13 -> Face Shields | U13: ='Daily Data Entry'!V48
B14: ='Daily Data Entry'!B18:C18 -> Eye Protection - Goggles | D14: ='Daily Data Entry'!D49 | E14: ='Daily Data Entry'!E49 | F14: ='Daily Data Entry'!F49 | G14: ='Daily Data Entry'!G49 | H14: ='Daily Data Entry'!H49 | I14: ='Daily Data Entry'!I49 | J14: ='Daily Data Entry'!J49 | K14: ='Daily Data Entry'!K49 | ... P14: ='Daily Data Entry'!P49 | S14: =B14 -> Eye Protection - Goggles | U14: ='Daily Data Entry'!V49
B15: ='Daily Data Entry'!B19:C19 -> Disposable Gowns | D15: ='Daily Data Entry'!D50 | E15: ='Daily Data Entry'!E50 | F15: ='Daily Data Entry'!F50 | G15: ='Daily Data Entry'!G50 | H15: ='Daily Data Entry'!H50 | I15: ='Daily Data Entry'!I50 | J15: ='Daily Data Entry'!J50 | K15: ='Daily Data Entry'!K50 | ... P15: ='Daily Data Entry'!P50 | S15: =B15 -> Disposable Gowns | U15: ='Daily Data Entry'!V50
B16: ='Daily Data Entry'!B20:C20 -> Fluid Resistant Gowns | D16: ='Daily Data Entry'!D51 | E16: ='Daily Data Entry'!E51 | F16: ='Daily Data Entry'!F51 | G16: ='Daily Data Entry'!G51 | H16: ='Daily Data Entry'!H51 | I16: ='Daily Data Entry'!I51 | J16: ='Daily Data Entry'!J51 | K16: ='Daily Data Entry'!K51 | ... P16: ='Daily Data Entry'!P51 | S16: =B16 -> Fluid Resistant Gowns | U16: ='Daily Data Entry'!V51
B17: ='Daily Data Entry'!B21:C21 -> Other | D17: ='Daily Data Entry'!D52 | E17: ='Daily Data Entry'!E52 | F17: ='Daily Data Entry'!F52 | G17: ='Daily Data Entry'!G52 | H17: ='Daily Data Entry'!H52 | I17: ='Daily Data Entry'!I52 | J17: ='Daily Data Entry'!J52 | K17: ='Daily Data Entry'!K52 | ... P17: ='Daily Data Entry'!P52 | S17: =B17 -> Other | U17: ='Daily Data Entry'!V52
B18: ='Daily Data Entry'!B22:C22 -> Other | D18: ='Daily Data Entry'!D53 | E18: ='Daily Data Entry'!E53 | F18: ='Daily Data Entry'!F53 | G18: ='Daily Data Entry'!G53 | H18: ='Daily Data Entry'!H53 | I18: ='Daily Data Entry'!I53 | J18: ='Daily Data Entry'!J53 | K18: ='Daily Data Entry'!K53 | ... P18: ='Daily Data Entry'!P53 | S18: =B18 -> Other | U18: ='Daily Data Entry'!V53
B19: ='Daily Data Entry'!B23:C23 -> Other | D19: ='Daily Data Entry'!D54 | E19: ='Daily Data Entry'!E54 | F19: ='Daily Data Entry'!F54 | G19: ='Daily Data Entry'!G54 | H19: ='Daily Data Entry'!H54 | I19: ='Daily Data Entry'!I54 | J19: ='Daily Data Entry'!J54 | K19: ='Daily Data Entry'!K54 | ... P19: ='Daily Data Entry'!P54 | S19: =B19 -> Other | U19: ='Daily Data Entry'!V54
B21: Number of Days Supply Remaining | S21: Average Consumption of PPE used per Patient, per Day
B22: Type of PPE | D22: Day 1 | E22: Day 2 | F22: Day 3 | G22: Day 4 | H22: Day 5 | I22: Day 6 | J22: Day 7 | K22: Day 8 | L22: Day 9 | M22: Day 10 | N22: Day 11 | O22: Day 12 | P22: Day 13 | Q22: Day 14 | S22: Type of PPE | U22: Burn Rate
B23: =B5 -> Washable Gowns | D23: ='Daily Data Entry'!D59 -> #VALUE! | E23: ='Daily Data Entry'!E59 -> #VALUE! | F23: ='Daily Data Entry'!F59 -> #VALUE! | G23: ='Daily Data Entry'!G59 -> #VALUE! | H23: ='Daily Data Entry'!H59 -> #VALUE! | I23: ='Daily Data Entry'!I59 -> #VALUE! | J23: ='Daily Data Entry'!J59 -> #VALUE! | K23: ='Daily Data Entry'!K59 -> #VALUE! | ... Q23: ='Daily Data Entry'!Q59 -> #VALUE! | S23: =B5 -> Washable Gowns | U23: ='Daily Data Entry'!V59
B24: Gloves (pairs) | C24: =IF(C6="","",C6) -> small | D24: ='Daily Data Entry'!D60 -> #VALUE! | E24: ='Daily Data Entry'!E60 -> #VALUE! | F24: ='Daily Data Entry'!F60 -> #VALUE! | G24: ='Daily Data Entry'!G60 -> #VALUE! | H24: ='Daily Data Entry'!H60 -> #VALUE! | I24: ='Daily Data Entry'!I60 -> #VALUE! | J24: ='Daily Data Entry'!J60 -> #VALUE! | K24: ='Daily Data Entry'!K60 -> #VALUE! | ... Q24: ='Daily Data Entry'!Q60 -> #VALUE! | S24: Gloves (pairs) | T24: =C6 -> small | U24: ='Daily Data Entry'!V60
C25: =IF(C7="","",C7) -> medium | D25: ='Daily Data Entry'!D61 -> #VALUE! | E25: ='Daily Data Entry'!E61 -> #VALUE! | F25: ='Daily Data Entry'!F61 -> #VALUE! | G25: ='Daily Data Entry'!G61 -> #VALUE! | H25: ='Daily Data Entry'!H61 -> #VALUE! | I25: ='Daily Data Entry'!I61 -> #VALUE! | J25: ='Daily Data Entry'!J61 -> #VALUE! | K25: ='Daily Data Entry'!K61 -> #VALUE! | ... Q25: ='Daily Data Entry'!Q61 -> #VALUE! | T25: =C7 -> medium | U25: ='Daily Data Entry'!V61
C26: =IF(C8="","",C8) -> large | D26: ='Daily Data Entry'!D62 -> #VALUE! | E26: ='Daily Data Entry'!E62 -> #VALUE! | F26: ='Daily Data Entry'!F62 -> #VALUE! | G26: ='Daily Data Entry'!G62 -> #VALUE! | H26: ='Daily Data Entry'!H62 -> #VALUE! | I26: ='Daily Data Entry'!I62 -> #VALUE! | J26: ='Daily Data Entry'!J62 -> #VALUE! | K26: ='Daily Data Entry'!K62 -> #VALUE! | ... Q26: ='Daily Data Entry'!Q62 -> #VALUE! | T26: =C8 -> large | U26: ='Daily Data Entry'!V62
C27: =IF(C9="","",C9) -> extra large | D27: ='Daily Data Entry'!D63 -> #VALUE! | E27: ='Daily Data Entry'!E63 -> #VALUE! | F27: ='Daily Data Entry'!F63 -> #VALUE! | G27: ='Daily Data Entry'!G63 -> #VALUE! | H27: ='Daily Data Entry'!H63 -> #VALUE! | I27: ='Daily Data Entry'!I63 -> #VALUE! | J27: ='Daily Data Entry'!J63 -> #VALUE! | K27: ='Daily Data Entry'!K63 -> #VALUE! | ... Q27: ='Daily Data Entry'!Q63 -> #VALUE! | T27: =C9 -> extra large | U27: ='Daily Data Entry'!V63
B28: =B10 -> N95 Masks | D28: ='Daily Data Entry'!D64 -> #VALUE! | E28: ='Daily Data Entry'!E64 -> #VALUE! | F28: ='Daily Data Entry'!F64 -> #VALUE! | G28: ='Daily Data Entry'!G64 -> #VALUE! | H28: ='Daily Data Entry'!H64 -> #VALUE! | I28: ='Daily Data Entry'!I64 -> #VALUE! | J28: ='Daily Data Entry'!J64 -> #VALUE! | K28: ='Daily Data Entry'!K64 -> #VALUE! | ... Q28: ='Daily Data Entry'!Q64 -> #VALUE! | S28: =B10 -> N95 Masks | U28: ='Daily Data Entry'!V64
B29: =B11 -> Surgical Masks | D29: ='Daily Data Entry'!D65 -> #VALUE! | E29: ='Daily Data Entry'!E65 -> #VALUE! | F29: ='Daily Data Entry'!F65 -> #VALUE! | G29: ='Daily Data Entry'!G65 -> #VALUE! | H29: ='Daily Data Entry'!H65 -> #VALUE! | I29: ='Daily Data Entry'!I65 -> #VALUE! | J29: ='Daily Data Entry'!J65 -> #VALUE! | K29: ='Daily Data Entry'!K65 -> #VALUE! | ... Q29: ='Daily Data Entry'!Q65 -> #VALUE! | S29: =B11 -> Surgical Masks | U29: ='Daily Data Entry'!V65
B30: =B12 -> Respirators | D30: ='Daily Data Entry'!D66 -> #VALUE! | E30: ='Daily Data Entry'!E66 -> #VALUE! | F30: ='Daily Data Entry'!F66 -> #VALUE! | G30: ='Daily Data Entry'!G66 -> #VALUE! | H30: ='Daily Data Entry'!H66 -> #VALUE! | I30: ='Daily Data Entry'!I66 -> #VALUE! | J30: ='Daily Data Entry'!J66 -> #VALUE! | K30: ='Daily Data Entry'!K66 -> #VALUE! | ... Q30: ='Daily Data Entry'!Q66 -> #VALUE! | S30: =B12 -> Respirators | U30: ='Daily Data Entry'!V66
B31: =B13 -> Face Shields | D31: ='Daily Data Entry'!D67 -> #VALUE! | E31: ='Daily Data Entry'!E67 -> #VALUE! | F31: ='Daily Data Entry'!F67 -> #VALUE! | G31: ='Daily Data Entry'!G67 -> #VALUE! | H31: ='Daily Data Entry'!H67 -> #VALUE! | I31: ='Daily Data Entry'!I67 -> #VALUE! | J31: ='Daily Data Entry'!J67 -> #VALUE! | K31: ='Daily Data Entry'!K67 -> #VALUE! | ... Q31: ='Daily Data Entry'!Q67 -> #VALUE! | S31: =B13 -> Face Shields | U31: ='Daily Data Entry'!V67
B32: =IF(B14="","",B14) -> Eye Protection - Goggles | D32: ='Daily Data Entry'!D68 -> #VALUE! | E32: ='Daily Data Entry'!E68 -> #VALUE! | F32: ='Daily Data Entry'!F68 -> #VALUE! | G32: ='Daily Data Entry'!G68 -> #VALUE! | H32: ='Daily Data Entry'!H68 -> #VALUE! | I32: ='Daily Data Entry'!I68 -> #VALUE! | J32: ='Daily Data Entry'!J68 -> #VALUE! | K32: ='Daily Data Entry'!K68 -> #VALUE! | ... Q32: ='Daily Data Entry'!Q68 -> #VALUE! | S32: =B14 -> Eye Protection - Goggles | U32: ='Daily Data Entry'!V68
B33: ='Daily Data Entry'!B50:C50 -> Disposable Gowns | D33: ='Daily Data Entry'!D69 -> #VALUE! | E33: ='Daily Data Entry'!E69 -> #VALUE! | F33: ='Daily Data Entry'!F69 -> #VALUE! | G33: ='Daily Data Entry'!G69 -> #VALUE! | H33: ='Daily Data Entry'!H69 -> #VALUE! | I33: ='Daily Data Entry'!I69 -> #VALUE! | J33: ='Daily Data Entry'!J69 -> #VALUE! | K33: ='Daily Data Entry'!K69 -> #VALUE! | ... Q33: ='Daily Data Entry'!Q69 -> #VALUE! | S33: =B15 -> Disposable Gowns | U33: ='Daily Data Entry'!V69
B34: ='Daily Data Entry'!B51:C51 -> Fluid Resistant Gowns | D34: ='Daily Data Entry'!D70 -> #VALUE! | E34: ='Daily Data Entry'!E70 -> #VALUE! | F34: ='Daily Data Entry'!F70 -> #VALUE! | G34: ='Daily Data Entry'!G70 -> #VALUE! | H34: ='Daily Data Entry'!H70 -> #VALUE! | I34: ='Daily Data Entry'!I70 -> #VALUE! | J34: ='Daily Data Entry'!J70 -> #VALUE! | K34: ='Daily Data Entry'!K70 -> #VALUE! | ... Q34: ='Daily Data Entry'!Q70 -> #VALUE! | S34: =B16 -> Fluid Resistant Gowns | U34: ='Daily Data Entry'!V70
B35: ='Daily Data Entry'!B52:C52 -> Other | D35: ='Daily Data Entry'!D71 -> #VALUE! | E35: ='Daily Data Entry'!E71 -> #VALUE! | F35: ='Daily Data Entry'!F71 -> #VALUE! | G35: ='Daily Data Entry'!G71 -> #VALUE! | H35: ='Daily Data Entry'!H71 -> #VALUE! | I35: ='Daily Data Entry'!I71 -> #VALUE! | J35: ='Daily Data Entry'!J71 -> #VALUE! | K35: ='Daily Data Entry'!K71 -> #VALUE! | ... Q35: ='Daily Data Entry'!Q71 -> #VALUE! | S35: =B17 -> Other | U35: ='Daily Data Entry'!V71
B36: ='Daily Data Entry'!B53:C53 -> Other | D36: ='Daily Data Entry'!D72 -> #VALUE! | E36: ='Daily Data Entry'!E72 -> #VALUE! | F36: ='Daily Data Entry'!F72 -> #VALUE! | G36: ='Daily Data Entry'!G72 -> #VALUE! | H36: ='Daily Data Entry'!H72 -> #VALUE! | I36: ='Daily Data Entry'!I72 -> #VALUE! | J36: ='Daily Data Entry'!J72 -> #VALUE! | K36: ='Daily Data Entry'!K72 -> #VALUE! | ... Q36: ='Daily Data Entry'!Q72 -> #VALUE! | S36: =B18 -> Other | U36: ='Daily Data Entry'!V72
B37: ='Daily Data Entry'!B54:C54 -> Other | D37: ='Daily Data Entry'!D73 -> #VALUE! | E37: ='Daily Data Entry'!E73 -> #VALUE! | F37: ='Daily Data Entry'!F73 -> #VALUE! | G37: ='Daily Data Entry'!G73 -> #VALUE! | H37: ='Daily Data Entry'!H73 -> #VALUE! | I37: ='Daily Data Entry'!I73 -> #VALUE! | J37: ='Daily Data Entry'!J73 -> #VALUE! | K37: ='Daily Data Entry'!K73 -> #VALUE! | ... Q37: ='Daily Data Entry'!Q73 -> #VALUE! | S37: =B19 -> Other | U37: ='Daily Data Entry'!V73
B39: Amount of PPE used per patient (negative numbers indicate daily supply increase)
B40: Type of PPE | D40: Day 1 -Day 2 | E40: Day 2 - Day 3 | F40: Day 3 - Day 4 | G40: Day 4 - Day 5 | H40: Day 5 - Day 6 | I40: Day 6 - Day 7 | J40: Day 7 - Day 8 | K40: Day 8 - Day 9 | L40: Day 9 - Day 10 | M40: Day 10 - Day 11 | N40: Day 11 - Day 12 | O40: Day 12 - Day 13 | P40: Day 13 - Day 14
B41: =B23 -> Washable Gowns | D41: ='Daily Data Entry'!D78 | E41: ='Daily Data Entry'!E78 | F41: ='Daily Data Entry'!F78 | G41: ='Daily Data Entry'!G78 | H41: ='Daily Data Entry'!H78 | I41: ='Daily Data Entry'!I78 | J41: ='Daily Data Entry'!J78 | K41: ='Daily Data Entry'!K78 | ... P41: ='Daily Data Entry'!P78
B42: Gloves (pairs) | C42: =IF(C24="","",C24) -> small | D42: ='Daily Data Entry'!D79 | E42: ='Daily Data Entry'!E79 | F42: ='Daily Data Entry'!F79 | G42: ='Daily Data Entry'!G79 | H42: ='Daily Data Entry'!H79 | I42: ='Daily Data Entry'!I79 | J42: ='Daily Data Entry'!J79 | K42: ='Daily Data Entry'!K79 | ... P42: ='Daily Data Entry'!P79
C43: =IF(C25="","",C25) -> medium | D43: ='Daily Data Entry'!D80 | E43: ='Daily Data Entry'!E80 | F43: ='Daily Data Entry'!F80 | G43: ='Daily Data Entry'!G80 | H43: ='Daily Data Entry'!H80 | I43: ='Daily Data Entry'!I80 | J43: ='Daily Data Entry'!J80 | K43: ='Daily Data Entry'!K80 | ... P43: ='Daily Data Entry'!P80
C44: =IF(C26="","",C26) -> large | D44: ='Daily Data Entry'!D81 | E44: ='Daily Data Entry'!E81 | F44: ='Daily Data Entry'!F81 | G44: ='Daily Data Entry'!G81 | H44: ='Daily Data Entry'!H81 | I44: ='Daily Data Entry'!I81 | J44: ='Daily Data Entry'!J81 | K44: ='Daily Data Entry'!K81 | ... P44: ='Daily Data Entry'!P81
C45: =IF(C27="","",C27) -> extra large | D45: ='Daily Data Entry'!D82 | E45: ='Daily Data Entry'!E82 | F45: ='Daily Data Entry'!F82 | G45: ='Daily Data Entry'!G82 | H45: ='Daily Data Entry'!H82 | I45: ='Daily Data Entry'!I82 | J45: ='Daily Data Entry'!J82 | K45: ='Daily Data Entry'!K82 | ... P45: ='Daily Data Entry'!P82
B46: =B28 -> N95 Masks | D46: ='Daily Data Entry'!D83 | E46: ='Daily Data Entry'!E83 | F46: ='Daily Data Entry'!F83 | G46: ='Daily Data Entry'!G83 | H46: ='Daily Data Entry'!H83 | I46: ='Daily Data Entry'!I83 | J46: ='Daily Data Entry'!J83 | K46: ='Daily Data Entry'!K83 | ... P46: ='Daily Data Entry'!P83
B47: =B29 -> Surgical Masks | D47: ='Daily Data Entry'!D84 | E47: ='Daily Data Entry'!E84 | F47: ='Daily Data Entry'!F84 | G47: ='Daily Data Entry'!G84 | H47: ='Daily Data Entry'!H84 | I47: ='Daily Data Entry'!I84 | J47: ='Daily Data Entry'!J84 | K47: ='Daily Data Entry'!K84 | ... P47: ='Daily Data Entry'!P84
B48: =B30 -> Respirators | D48: ='Daily Data Entry'!D85 | E48: ='Daily Data Entry'!E85 | F48: ='Daily Data Entry'!F85 | G48: ='Daily Data Entry'!G85 | H48: ='Daily Data Entry'!H85 | I48: ='Daily Data Entry'!I85 | J48: ='Daily Data Entry'!J85 | K48: ='Daily Data Entry'!K85 | ... P48: ='Daily Data Entry'!P85
B49: =B31 -> Face Shields | D49: ='Daily Data Entry'!D86 | E49: ='Daily Data Entry'!E86 | F49: ='Daily Data Entry'!F86 | G49: ='Daily Data Entry'!G86 | H49: ='Daily Data Entry'!H86 | I49: ='Daily Data Entry'!I86 | J49: ='Daily Data Entry'!J86 | K49: ='Daily Data Entry'!K86 | ... P49: ='Daily Data Entry'!P86
B50: =IF(B32="","",B32) -> Eye Protection - Goggles | D50: ='Daily Data Entry'!D87 | E50: ='Daily Data Entry'!E87 | F50: ='Daily Data Entry'!F87 | G50: ='Daily Data Entry'!G87 | H50: ='Daily Data Entry'!H87 | I50: ='Daily Data Entry'!I87 | J50: ='Daily Data Entry'!J87 | K50: ='Daily Data Entry'!K87 | ... P50: ='Daily Data Entry'!P87
B51: ='Daily Data Entry'!B69:C69 -> Disposable Gowns | D51: ='Daily Data Entry'!D88 | E51: ='Daily Data Entry'!E88 | F51: ='Daily Data Entry'!F88 | G51: ='Daily Data Entry'!G88 | H51: ='Daily Data Entry'!H88 | I51: ='Daily Data Entry'!I88 | J51: ='Daily Data Entry'!J88 | K51: ='Daily Data Entry'!K88 | ... P51: ='Daily Data Entry'!P88
B52: ='Daily Data Entry'!B70:C70 -> Fluid Resistant Gowns | D52: ='Daily Data Entry'!D89 | E52: ='Daily Data Entry'!E89 | F52: ='Daily Data Entry'!F89 | G52: ='Daily Data Entry'!G89 | H52: ='Daily Data Entry'!H89 | I52: ='Daily Data Entry'!I89 | J52: ='Daily Data Entry'!J89 | K52: ='Daily Data Entry'!K89 | ... P52: ='Daily Data Entry'!P89
B53: ='Daily Data Entry'!B71:C71 -> Other | D53: ='Daily Data Entry'!D90 | E53: ='Daily Data Entry'!E90 | F53: ='Daily Data Entry'!F90 | G53: ='Daily Data Entry'!G90 | H53: ='Daily Data Entry'!H90 | I53: ='Daily Data Entry'!I90 | J53: ='Daily Data Entry'!J90 | K53: ='Daily Data Entry'!K90 | ... P53: ='Daily Data Entry'!P90
B54: ='Daily Data Entry'!B72:C72 -> Other | D54: ='Daily Data Entry'!D91 | E54: ='Daily Data Entry'!E91 | F54: ='Daily Data Entry'!F91 | G54: ='Daily Data Entry'!G91 | H54: ='Daily Data Entry'!H91 | I54: ='Daily Data Entry'!I91 | J54: ='Daily Data Entry'!J91 | K54: ='Daily Data Entry'!K91 | ... P54: ='Daily Data Entry'!P91
B55: ='Daily Data Entry'!B73:C73 -> Other | D55: ='Daily Data Entry'!D92 | E55: ='Daily Data Entry'!E92 | F55: ='Daily Data Entry'!F92 | G55: ='Daily Data Entry'!G92 | H55: ='Daily Data Entry'!H92 | I55: ='Daily Data Entry'!I92 | J55: ='Daily Data Entry'!J92 | K55: ='Daily Data Entry'!K92 | ... P55: ='Daily Data Entry'!P92
